X,Y,Z,Label
0.3515719696605544,0.8746339786562757,-0.07905074907087585,0.526631219603658
-0.36928646630688167,-0.05880439454086239,0.8757051107228683,0.1284622365660424
0.6609343680397897,-0.615189258836009,0.5414166759497515,0.3280684368846013
-0.1431439427504667,-1.06443443745858,0.35906944661912576,0.39729988498352037
0.34917023440570427,-0.8555984703200118,-0.4374167662345146,0.6407229495581914
-0.46094137044716943,-0.8322987351716,-0.46726011155998803,0.6453148041156656
-0.24197897927909942,-0.8050378787435254,-0.5932739563700733,0.6956270198530781
0.3034967744315272,-0.49323457975784685,0.7697663168529976,0.20530978064139746
-0.07877965468685186,1.0059691773966866,0.282331152793413,0.4131579027784857
-0.9036751321618304,0.06746576987210912,0.5590805854127567,0.3240399156682021
0.08244793685102045,0.731581015209801,-0.6505260263703586,0.7303566875310152
0.35008492392074897,-0.01566776330246196,0.9302815126246687,0.11467388951437614
0.6159975551780226,-0.23676144679279323,0.6603547452734094,0.2498978469399043
0.7640168717462421,0.2520074625657061,-0.2994245033822317,0.6134137875154022
-0.37105725945698664,-0.9329012234780807,-0.36575443362802446,0.6112044283798415
0.9224522042015415,-0.4149464492730519,-0.4304158457770125,0.6280620866068899
0.40584865444485874,0.9589891893016433,-0.22003099406314214,0.5662831322918337
-0.9338538168269279,-0.4307601447707604,0.1410420513111649,0.45661601270858093
0.8680381328847856,-0.4249322445243296,0.04642345289295955,0.4847219807001191
0.9429400357447809,0.19236714051672804,-0.2881070815101753,0.5925909984398308
-0.2612149870810865,-0.8943501045848005,0.3283674488031141,0.39214371296660944
-0.0992432755247741,0.8593505327899887,-0.5065654182383148,0.6686250019354579
0.8484375173376688,-0.3899046399507821,-0.2027211500578277,0.5680510475922931
0.9083106119066033,-0.13428000243750607,-0.11509519840883281,0.5396934584722709
1.0305735692069795,-0.2881913121171346,0.04908728678305871,0.48540895935960526
-0.6997427314744039,0.1282344630199765,0.6759111106882438,0.25813998795830384
0.6265249447708359,-0.751624090073109,-0.3984198052547192,0.6230820714759135
0.6030177670506542,-0.8332384220258028,0.15056389258688507,0.453732974853856
-0.448477796897742,0.8854018856549819,0.4073343925537073,0.37603483164083784
0.316947359413272,-0.683415583319293,-0.557199938872554,0.7027127633819514
0.9145812958413693,0.2401428868783605,0.27691747896203056,0.40931743601985077
-0.7265987737183426,-0.5264796593102485,-0.3667173935000854,0.6234977412944367
0.15996042398830343,0.9260946258097278,-0.567075107013711,0.6728142379110454
0.3131018280760604,0.2904404106544876,0.8950838393879235,0.14170619314972704
0.3157243451731389,0.1421244901624211,0.949753259419466,0.11127585544633445
-0.17904763237361432,-0.74832248256317,0.7299077417327376,0.25839160769509245
-0.45985718132681613,0.823927907605251,-0.2931912951383224,0.5958963360529289
-0.16323707737196066,-0.7660246024651437,-0.541513456148368,0.6925533360971944
0.7636821871218322,0.32902284263015974,0.5029830596093778,0.32683988667987746
-0.3710935716295091,0.9041825185296342,0.025939305041760948,0.49155408833545516
-0.8597744009841072,-0.258983543299512,-0.418005698445517,0.6386828043147738
0.23454329776234817,-0.8973002285524303,0.21427888254752586,0.42772537394873894
-0.2688202384434317,0.6697817486384691,-0.6282153990789509,0.7279882999461246
-0.37700034408341637,-0.42520877732276896,0.8614182075594995,0.1856251338310315
0.6681743081225372,-0.5737677651360594,-0.2885725846267482,0.6007870699847944
-0.6660695730606755,-0.5884708338679634,0.4109442544361333,0.3621437579327388
0.13455026214715893,0.9551882887569265,-0.1314178245504959,0.5431006006178504
0.9047017990315727,0.15651961056111274,0.2776513143972766,0.4065243233178862
0.6172309008217642,-0.74354962684502,0.25188143650770256,0.41883797094579356
0.9209353597366859,0.14013577802665877,-0.36708113011899,0.6194856193693339
0.25620150276285963,-0.1698235150939441,0.9685686446509906,0.09781560106893022
-0.7867261392276956,-0.10879137770205839,0.7111218146382462,0.26755210843864524
0.4039276338776419,-0.2140668856016664,0.9520722663396123,0.14249105624390251
0.16648561450551094,-0.6536922577475572,0.8628301405772039,0.21121258934924322
0.9227179146908434,-0.016852010717653985,0.3301713436415997,0.39063645501425204
-0.28555267178649607,0.4378156373652928,0.844856658294084,0.17636003030142228
0.11524333086683408,-0.8392901074472532,-0.5191001068051758,0.6749881426000537
-0.7265738664192007,0.48955293234057107,-0.3182440019457229,0.6109074813750849
-0.7972746131918492,0.1383484976177316,-0.6115346039226178,0.7059983838284715
-0.595921615203504,-0.7210083770020029,-0.16919900722082643,0.556961214054056
0.6995674269147947,-0.7274409401961851,-0.003596049167322181,0.5011341736572972
0.8841430144708134,-0.1495092676651749,-0.29727515505588553,0.6018975248981449
0.12846301357873693,-0.6163937329699952,0.702414179583486,0.2326265230788929
-0.8737088903965258,0.4951222071855621,-0.03999684284665184,0.5126708446261466
-0.9036602563134204,0.4737445330063398,-0.1787616931407805,0.5552085156100537
-0.05099092675737189,-0.9632027421119239,0.269385687124634,0.4133094334993761
-0.0728423046931046,0.916198846308694,-0.4992378652550428,0.6583902314960042
0.484321698104735,0.5048440314867989,0.7310120517641957,0.2430111321823185
-0.5046963023832022,0.692590198940193,-0.49922695891955643,0.6679047776186485
0.016963554168676183,0.2866686758001345,1.0147209751022086,0.0877873769366812
-0.22328313218339485,0.6781125810555483,0.5988943768091198,0.2778200800780339
0.053441315995164794,1.0334935117452075,-0.3766721843330721,0.6111134858853359
0.6976593713784389,0.21484855012433457,-0.6954998152797168,0.742299430167305
0.8087313517325375,0.0505177067848195,0.6947033258866308,0.274402395608715
0.8265712833560089,-0.13276118450751614,0.46898572928196647,0.3374563912726859
-0.75982661806883,0.34825126835690257,0.50276524991613,0.3276248759005802
-0.66275047568843,0.5226174182449631,0.5342980390675798,0.3203584701095306
-0.310261878667905,-0.7317406486942614,-0.653582229073932,0.7190624905473991
0.18178685092509778,0.9381158325641044,-0.07920877964468447,0.5263251399548946
0.885423127310035,-0.35989378756100754,-0.5035546199841197,0.6543490216464531
0.1374396537351971,-0.5922326407845634,0.7769627614029033,0.2113504887725646
0.7529615961288039,0.4816575847915289,0.3171283849814748,0.3914755863958825
-0.8062493108817415,0.49105090594597234,-0.047168984791704976,0.5158915259695543
0.577855949773878,-0.586998953522697,-0.674291610042888,0.7183562862976336
0.8354358858896749,-0.414202277423101,-0.16287041840602973,0.5550420110208669
-0.9422866469475137,0.12197085465990964,-0.10723221132211297,0.5357725916751761
-0.6617903510204868,-0.5436000562953877,0.6190199048627345,0.30078247324288176
0.5052246575205399,0.7882464147837414,0.3367122902893206,0.3901090709565296
0.48142344015916705,-0.06867515528530369,0.7969035960792296,0.1744051561156699
0.0649821016280674,0.9819320898047812,0.1028571138828526,0.4668502682205004
0.7977218735904703,-0.336836854978378,-0.4945138993560443,0.665166714197732
-0.4848772756685165,-0.7490622677817841,0.5810248507150969,0.316276030957896
-0.6333666364540331,-0.5040676434405601,0.6270452554955233,0.29020683342443426
-0.9532378803582068,-0.02943240244724822,0.26540953716981236,0.41360156461287856
0.06547453694705953,0.8053898271103473,0.5518302094201197,0.30927835863402064
0.446713654715385,0.885361819672584,0.1254491870235323,0.45994580386786116
0.17476125248928945,0.8717500951434051,0.157817731213237,0.44408121650562843
0.39337975577979045,0.9290604186326016,-0.02863236655756317,0.5090310463788439
0.2015253886132115,-0.778410053270125,-0.6152407575235254,0.707897640088689
-0.4801986256962533,0.6568831616232279,-0.43415904990390874,0.6560169615870907
0.6478401121120287,0.3150502755361245,-0.6034246892714034,0.7219499020894157
0.874356054590518,-0.10887647752597276,0.36681142176962395,0.37443174160502624
0.7485741501284088,-0.6442358030906199,-0.17718299125812773,0.5565046920028572
0.9275284478406962,-0.39311443118034484,0.07365109575153692,0.4767695915655677
0.6040967863981683,-0.10037199410312886,0.8938334110473328,0.19119789677228313
0.49788590765623186,0.7973725630694258,-0.30207904070712155,0.5989693415665215
-0.8501821662191301,0.5959631899291059,-0.021941024598554026,0.5067256873115926
0.08103209513863137,-0.7460835683605204,0.6524838814930054,0.27219581952575117
-0.34369999310417837,-0.9050082303626179,-0.4006957909638043,0.6249174551888056
0.4239829610027849,0.7213131202082073,-0.4949147139252744,0.6700271159675016
0.3310517156664401,-0.9243795146624785,-0.21379039890674595,0.5682428591846795
0.1582311635719067,0.849842906240025,-0.41068177622040786,0.641174734846228
0.05409753987849228,0.46786329507611824,0.9073005979808572,0.15241034796152392
-0.7199458545004025,-0.19222644806443476,0.6669605085866239,0.26761054178010474
-0.7780985207813632,-0.5297805236949746,0.36124126364807413,0.3833633920857385
-0.4676565902838732,-0.27337996528677144,0.7657954859582783,0.1959690200287189
0.661776573746057,0.38943501419493,0.7235035030175393,0.2594643098328131
0.6800071239659613,-0.6467429589910015,-0.36622592220530825,0.6184334351698472
-0.1350314502897992,0.5181137533354067,0.7568904874248141,0.1959744800257756
0.6780619280611382,0.7967278425307522,0.32517302467764686,0.4040784343304086
0.5992760637963489,-0.4518967182610731,0.5812268963887048,0.2902565270784562
0.5195304692063262,-0.19578603524855548,0.7915743735625603,0.19469551330952115
0.6304647706521594,-0.7751812354798184,-0.2632058831399815,0.5819860455113112
0.3495884903206451,-0.8492055715832838,-0.5072740513371627,0.6606402794326367
-0.42800959837455926,-0.8309267693949278,-0.44451149567765735,0.6413032438436174
-0.9634482311024705,-0.2590117511783415,0.11992919378595493,0.4619184333349167
0.5574315371893527,0.40136296244653813,0.6660662499914642,0.25489953539050575
-0.5484175730468964,0.4843421852500116,0.687103717845251,0.25999662633760057
-0.4881314876667973,0.5389658229682801,-0.6409494357660904,0.7299691567588472
-0.05550996250540042,0.9998789729536193,0.14521097414526296,0.45416287489464624
-0.1527722772470132,-1.0032317463424076,0.03653696732341509,0.4885444532776154
-0.9628601540697884,0.04333270027925027,-0.3294081724617162,0.604826680764471
0.8111911889830636,0.41891947991239986,-0.5911354231921452,0.6829018530268318
0.24774738581086958,0.928779752744612,-0.16344994958439651,0.553612047320736
-0.20510995010282157,-0.3245726981714436,0.7957570577101788,0.1430952286804342
1.0338657911291005,0.5075233120122866,-0.14420291852808353,0.5396481747627876
0.5816178354972543,-0.7773342810780436,0.20458032862650488,0.43389123899718873
-0.8373517519708338,0.05430751600119406,0.4975006849088797,0.32964840995815653
-0.9987292325605223,0.11365771475851665,-0.09609763514232081,0.5303391164282758
-0.19969205090988154,-0.13852014682670788,0.8048095703287768,0.09335002925520287
0.19209865351397845,-0.30446960777983284,0.9349580847214848,0.11699539172853829
-0.5734096227378357,0.841198434169784,-0.22991119349420805,0.5706998822868073
-0.47125553833689116,-0.870014855263944,0.09316667843015843,0.47011597445939385
-0.9675931668244842,-0.42511662098844055,-0.15035570456725506,0.5449828011442306
-0.05649460025316706,0.9953842689302689,-0.18459885233584403,0.5582772717061634
0.5788765942354879,-0.560471557465227,-0.6225406959866561,0.7093923741412554
0.31680975163886793,-0.8634933455052373,0.3929302954937278,0.3714874305895167
-0.5023597865808526,-0.8118798397320071,0.20452750004349338,0.43282540805923714
0.4625287796378012,-0.677652363085178,-0.6273804040378633,0.7078011757983526
0.6165655583823928,-0.7541566422775563,-0.23865344607034925,0.5764777852028103
-0.1785841984167174,-0.5344024571588629,0.7487193385198452,0.20535253135786805
0.506908670085663,-0.8153224889628371,-0.33900348466849817,0.6080474392442746
-0.2548417379939971,-0.7932366543453976,-0.5401337556989116,0.6830828155988552
-0.45959499510842833,-0.9361627138546649,0.08144618989831076,0.4751915248056678
-0.12019444051562518,-0.158874914477531,0.9622780508397285,0.06498100772008952
-0.0838785607783778,-0.9239283101908327,-0.3558555055099878,0.6165871478439724
0.4907145491890356,0.7677035882368525,0.5083332994584925,0.33801310287047803
0.5245012363970977,-0.6989253183244262,0.6022517060634809,0.30791871000937
0.7507394252885667,-0.6255078876389928,-0.29095114760887425,0.5921153544194023
0.8053989787109618,0.19461886666921585,0.4873589757144413,0.3307586006575848
0.48093216054381605,-0.8605956273934992,-0.026251205940534213,0.5084738619807259
0.7781059270626342,0.6916552430541562,0.34685860871816937,0.39762934743835954
-0.47389288351787545,0.7093327805235259,0.3396604275820751,0.3793855424957806
-0.06035396519124496,-1.003622015800991,0.21513555878723895,0.432902204454834
0.40196566873413964,0.76166872314756,-0.5529621492089833,0.6816831193376439
0.2874660488593455,-0.6491342804527347,0.7266033075688357,0.2463074670022106
0.5283983044365554,-0.9019895879040148,-0.19240678145759882,0.5579386664097455
-0.9355367242518529,-0.11050917014396264,-0.42966266025221767,0.6362089789818327
0.7460198304506392,0.07462444338111676,-0.6243711940844724,0.7210381654979008
-0.21020326170212592,0.9702747282158043,0.2947419796654075,0.4081369991435082
-0.6433097570861481,-0.6039440916976982,0.4628360530747297,0.3462311046594693
0.7000701626070378,-0.2085448502962174,-0.6855035440479568,0.7398945556690774
-0.5955527463983407,-0.6800534088460579,0.21536062546427168,0.4255537590978738
0.0034941302723193526,0.949900330163588,-0.310588522065764,0.6005892011464612
-0.6429187831602208,-0.7013408360807413,0.42506062184702853,0.3662604658835892
-0.823498888304372,-0.23377961314598306,-0.4319541310634145,0.6487518596390298
0.1643404714685924,-0.8358734257845981,0.40020497609918965,0.3602011369335818
0.6667961816957259,0.5944802970545088,-0.10794387028808018,0.5382771593814445
0.005890809695429416,-0.4583567589803309,0.8693289142755797,0.15445861808367364
-0.779328307920297,-0.2096486445961157,-0.45732012689920465,0.664104467650004
0.9965810366220906,-0.2855763540169154,-0.07291451110308622,0.5223511714736444
-0.4721002902217001,0.7526269443686116,-0.5669882252436302,0.6808075720692713
-0.4075193137575902,-0.3221436410758385,0.8902644414015877,0.16813093869418497
0.512224008497226,-0.29711778937461775,0.8468769175926844,0.19423489215333534
0.7111976618680752,0.6608414057251994,-0.3118039160961029,0.5989198225104572
0.869958238243704,-0.36523403738931537,0.44971583082745115,0.35842085800665335
-0.30330507058157313,-0.6792985966246873,0.6900247372829245,0.2619615295174704
0.8336548314555989,0.43833142357946187,0.21501961089159016,0.42855715088473534
-0.3200268598549404,0.8808382932900674,0.06894662984460251,0.4766244574439995
-0.25784815134561195,-0.8022842153332049,-0.2550088809499836,0.5935348807180925
0.7616270413108485,0.3303166588870675,-0.5470471202772578,0.6854619572674293
-0.464702989839866,-0.3383573882859297,0.8802524081364481,0.18414381361636678
-0.2802926711691882,0.495474314183612,0.8519267770402766,0.18750576896443677
-0.6715203247905057,-0.6051970226113784,0.40325571639080243,0.3664398202079015
0.9333490657452889,0.25244074069880523,-0.12325391109995296,0.5403589583863379
0.7647339303468002,-0.7798189348093632,-0.18434501159762653,0.5532229759721102
0.8431525643223073,-0.1378311644865055,0.5408441642722422,0.32035590733206004
0.567480677797785,-0.12114911651063344,0.8988493989806274,0.1824721824956971
-0.08133636043566655,-0.631640659133367,0.8020817311675086,0.21360949939846727
0.4523311476415935,0.561000351423521,0.7072975599149633,0.2529745914678998
0.048854734475279334,-0.9084993755367811,0.32590155744117005,0.39051161732093687
0.7854794344935174,0.1083580592658205,-0.5793566312125126,0.700856914839893
0.9576406024503459,0.15290112931582103,-0.48676220516802216,0.6480761345578293
-0.2386425457865935,0.528281655023042,0.8838286192376681,0.18477738764955876
-0.8632007913378483,0.01659413211620408,0.287589503306403,0.39764907544431577
0.029504654587407975,-0.7282360067037903,-0.6680885132825595,0.7361670569820876
-0.2947367934782743,-0.7761709186494852,-0.5498763984252248,0.6862037362735188
-0.845567746655437,0.25994266913940894,0.5300385242718242,0.3281734839105822
-0.18623101566661515,0.7170090909419314,-0.5972858061176413,0.7159902935415149
0.9017834729800578,-0.02579037243818231,-0.45046253728286206,0.647410383245559
-0.8794701485518643,0.50405154780135,0.11904729614086706,0.46278771221185
-0.7630801481584185,0.1935856944246913,0.46069958620333534,0.331465917746271
0.4505531419494862,0.8120377736110396,0.3259544883870769,0.39255082976271094
0.285938530358149,-0.8075083828038322,-0.39241382242404216,0.6367323370389443
-0.28885433153279905,-0.8407248146272035,0.5299535573056379,0.32888220169146404
0.17505360070006198,0.9051704238015363,-0.2777036408468859,0.5931285418561133
0.9491730381853951,0.4795439522720016,-0.1156268527553968,0.5344743087515035
-0.4129775993145498,-0.7940947276106965,0.5908540724819246,0.31427866265911064
-0.44281166437893027,-0.7379842605722138,0.3862330445326707,0.3657261748111653
-0.09756378134690286,0.6000663551086498,0.7728340279281991,0.21216767350385984
0.9106997845200884,-0.29898512544236944,0.39200653926709245,0.3764274491328371
0.5751770137730848,0.7624398304561372,0.25975005864280076,0.41547315545535635
-0.6575058473239123,0.3328802715201854,-0.5651109574021963,0.7082285897890973
0.9025629696838268,-0.3086031155589085,-0.08843784889523666,0.5294280988501587
-0.879149617276461,0.5334228434298074,-0.183397870704664,0.5561789171254274
-0.6467408459854218,-0.8249102581487462,-0.24021472194298038,0.5717076023546916
-0.2742769209956123,0.21953994820869738,0.855420944111845,0.12404370382195694
-0.106833895179689,0.9272467200345593,0.0004912162144077234,0.4998324810827015
0.5762431874463443,-0.10583286896585209,0.7953601266440632,0.20209025270533007
-0.7478961530783917,0.5063053279861732,0.39953489614576426,0.3674253960982784
0.6968297280633448,-0.5475194787506421,0.730581613601551,0.28054373751404554
0.12939464050813826,0.935772115631788,0.08443272764227043,0.47162566466847056
0.21125467332174716,0.9810439886079602,0.27135229633309493,0.41594004487024494
1.047681452096845,0.12007271020379053,0.13306906639369212,0.4600446476306791
-0.5999061747800851,-0.7378555572992433,-0.32946178323251835,0.6061599987370071
-0.597387210614427,0.49504072063255417,0.5361435311987581,0.30752125198550384
0.6628114667237571,-0.71276516612393,-0.16600926770288782,0.5537733825778943
-0.7893161259500245,0.1590428705900723,-0.6059714543764094,0.7053600311737871
0.8115585387239151,-0.1664115272461533,0.369574360674245,0.3664335680315551
0.3563120328675369,0.8577942958677883,-0.42912136755589514,0.6377581994280336
0.26413236844835614,-0.32109370743131654,0.843994148644273,0.1457001304901916
0.010368841573415402,-0.3493472749207328,0.8639114596242702,0.12236733891754849
0.10136857345055175,-0.491571824404451,0.768374086785346,0.18418466593114396
0.5254894927944087,-0.7657954396633627,-0.12426463042226393,0.5423375619699333
0.0274793890297147,-0.7076834478173462,-0.6415511608317879,0.734291307325077
-0.3489090552926953,-0.37140523290332933,0.9487506251932323,0.15689376656416829
0.7655762810271373,0.7830347042530732,0.028115189130777492,0.49182964718832856
0.285242292720392,0.02597367443969753,0.9692019207328436,0.09146485410182756
0.32581259464098633,-0.09542729007530724,0.9704179208161485,0.10712416296109065
-0.5675249959929327,-0.3906438491011396,0.6991684132923065,0.24766274438782854
0.2629660996741244,-0.9248174982731745,-0.10466770633249364,0.5345157229008838
-0.8365445301666659,0.14603083009161677,-0.058863668206683664,0.5220290622625617
0.5199235608614987,0.4920733272324441,0.7298410211985663,0.24692197412724032
0.7862319436076878,0.7096028901312001,-0.14119992262245823,0.5421884264083364
-0.32457074232311073,-0.8140278552089931,-0.3758175389333045,0.6289545164158477
-0.9092672284950798,0.38337046021133925,0.18840471808074796,0.43994837215203986
0.1608398373485666,0.47117229317034554,0.9138980253310769,0.15878009344389585
-0.7917240392777838,0.045998321610069295,0.5145274874048184,0.31680536001359266
0.8319852797435862,0.35907764138927223,0.3008253958424341,0.39797258061558316
-0.6893425138938418,-0.4288931628375554,-0.5447960922914398,0.6881274634461719
-0.1877369407156529,0.9148840574397522,0.3872953841663268,0.3748715415316938
0.08277996140453052,-0.15032879518372913,0.985509544425338,0.05487924442114111
-0.32684302578586516,0.7879274402831127,-0.4330269878303108,0.6495220127545164
-0.9243340793390346,0.29784251768864944,0.1514355411202742,0.45076038588906203
0.502953542903118,0.09952089349481347,0.7667208667317175,0.18761441907446266
0.7025263377482291,0.3996630125680322,0.537863717475884,0.3130981114915949
-0.6304392289033057,0.5784312500037967,0.5169519830202646,0.32699690852617863
-0.9319252092147217,0.1700359312545616,0.5051710888251598,0.3440577167318036
-0.8238675149337764,-0.5781494743233763,-0.18222876080766076,0.5570137770121079
-0.23281564923934867,0.8937640231215197,-0.27354766723374285,0.591656541218344
-0.32626039325532225,-0.6389148848304194,0.6430959660751632,0.2673666478216967
0.5469333775002817,-0.5943318038077099,0.5904753905206886,0.29905982393627123
0.06244832817675961,-0.5613957029701472,0.7652833447438565,0.20239536164666638
0.48015949776643424,0.1370287485952133,0.8769814957455315,0.1647556520081018
-0.9229004731089752,0.19290630618861349,0.14782086312770146,0.4504978385122012
0.7152939099021681,0.5850459639599583,0.16204911167866629,0.44474220544885107
-0.010464314707827736,0.7062485248763368,0.6728577262936573,0.25772283308965493
0.9097963450231323,-0.07498566866376602,0.3645262858358356,0.37906934224406547
0.5331055888379099,0.6335532318905408,0.5357355557046622,0.31720176341091944
-0.7069567105755973,-0.08700894183013669,0.6049207382167446,0.2758892286120869
-0.5046623962136668,-0.426871282626794,0.8080554746329531,0.21823914580031806
-0.36423157292782066,-0.9936967883603177,-0.18031082552115485,0.553714793592025
-0.9181977037991345,-0.3618071839979244,-0.10203345350369593,0.5327925276372094
0.8446119830878401,0.024040241962417188,-0.5602523298914364,0.6863701645964346
-0.359982812085577,0.9183311815595949,0.21510010708715407,0.43165516683896604
-0.7173395272337262,-0.04422689154739702,-0.7031626462944964,0.7465214602828715
0.8890915448713144,0.5993355695595868,0.03159151256217169,0.49062426907278056
-0.6224642343321402,0.8379513069420923,0.2328203200385359,0.43014753418397317
0.9823723350317697,0.21916175679210323,-0.19841547054226177,0.5619539759778761
0.7732719627655078,0.5042196154184126,0.3599881841027579,0.3816454022404349
-0.6140589817890374,0.4536869719872435,-0.7315949728154976,0.743212719111704
0.5401846382153179,0.5955421706776071,-0.646458985757694,0.7155554182023744
-0.5971056009576166,-0.311892516633155,0.725390510418091,0.23823470436669017
-0.42064919617996505,-0.9257542682264494,-0.10094060760859028,0.5314950472519335
0.28366148667383134,-0.846427691282578,-0.49677454820105915,0.6616413748071935
0.34413650528656053,0.9131919460573092,0.10408937444504464,0.46617642790299996
0.481162431293865,0.7590974137690542,0.5427413000227341,0.32707101796368976
0.7795074606165512,0.5495162427362454,-0.32550288085748513,0.6046916886140464
-0.5968929932038066,-0.7181464662701215,0.3170454907412632,0.3958158877538411
-0.258024527569518,-0.842595766299848,-0.6030006553501268,0.691017258874982
0.7667079410947399,0.1190793139928068,-0.5847779612305941,0.7055804920392
0.9765174814871664,-0.4112684286912852,0.21194253860508644,0.43715987589326055
0.9498200056592295,0.33681358293891456,0.2196128644574834,0.43170183835643017
-0.8564696206658281,-0.21310076013352053,0.31917100507574886,0.3895463219834417
-0.1718911463151774,-0.7742720383263393,0.49424435316326343,0.322613268558848
0.19767541049909076,-0.17178885418339263,0.9483112301199709,0.08576851921076553
-0.16666574119570676,-0.8415409030284551,0.13497374289565023,0.45032656491535367
0.24637411695500538,-0.9208844237910433,-0.1197074709441496,0.5397637175860679
-0.416352841688338,0.715438162060105,0.5834306742228709,0.30457186085680854
0.41873530329559655,-0.9205538836299005,-0.1587983131826769,0.5495767096206636
0.9748018856770576,0.44362203440204445,0.014786451051707686,0.49560562261770574
0.6898803836349091,-0.5223390458972608,-0.5754439214664195,0.6868015965876946
-0.7134243452738519,-0.31630633011954834,-0.6645222424986115,0.7245271878489318
0.10970019203020298,-0.3450789563360556,1.0084184555820588,0.10973254639445951
-0.7258869457767947,0.24547363553346088,0.7060524049603959,0.2630114636228019
-0.557507023606443,-0.648398844837073,0.4979980702953726,0.33213752186512496
-0.9577008947052106,-0.11671705882669152,-0.02554585574990824,0.5084263150943817
-0.1358172398931981,-0.9596772094572069,-0.4525453987514425,0.6390456470897442
0.9298821511276972,0.5028716020948154,-0.5076057631243682,0.6424928560911869
0.8257014609074672,0.3794757219503532,-0.25255219291709374,0.5862866940622837
0.04515410158149226,0.960167677878826,0.2242090695415961,0.42705759817522804
0.47848236263401167,0.7278456911334386,0.40181974562561007,0.3624197254348414
0.6171530119804912,-0.6971500684881834,0.42868120847528685,0.3626548567131012
0.3363745072968305,0.9735929049260107,-0.24490621173477214,0.5743012749852994
0.4265921641098333,-0.034012503359994825,0.9439549390757792,0.13548534933228118
-0.4024442557680268,0.8151268204068427,0.496017627355148,0.3410082594948112
0.4253696278333183,0.837656876954126,0.2670104133510205,0.4118564038809587
0.18646578820816928,-0.9331782522510693,0.3224113571907153,0.3960199209745124
-0.4938506193423319,-0.7939913786915005,-0.05309053805208792,0.5180537865704465
-0.955955657158085,-0.024610056010008777,-0.34712877463283476,0.6108388763412752
-0.946297389671732,-0.35462137137712835,0.02191241677343718,0.4930990402053832
-0.1340933223962691,-0.8636290156184245,0.5583787528744792,0.3190318652234775
0.14970482879595742,0.8285880148690292,-0.7618347247536577,0.7341023580631281
0.7665665475812803,0.0737219599984821,-0.4894776805984174,0.6802224359535979
0.7245999053486236,-0.09593346070338879,-0.76036274598956,0.7562830246800689
-0.4513761195988962,-0.6077892313067701,-0.5913648595813357,0.7110799030115211
0.154351729112642,0.629233674039603,0.7069845515134678,0.23612493544193502
-0.35627399495174583,-0.8319522641006818,0.47370728023828995,0.3465092449358931
0.8443476567108996,0.4684916648766692,0.14528113374244964,0.45246525140477223
0.8143134153373424,0.1630009192532197,-0.6125229928392056,0.7022842492222475
-0.06281499838893856,0.987566928857249,0.2631736675158548,0.4172608503230867
-1.023159306755333,0.30470925884093786,0.15100302808664934,0.45527313007343206
0.6307072905131852,-0.5832131497204138,-0.3928274209186271,0.6365237791385258
-0.12342116109955469,-0.9918282509073788,0.09470275537749509,0.4699292069840514
0.00902969551481863,-1.0298747708204348,-0.09277900649178569,0.5285974990470538
-0.8480240989412067,0.3836504513402095,0.3410388686620235,0.38820503287265196
-0.46321330817677164,0.7400941733519751,0.37492472783255015,0.370891570807764
-0.5325280300382234,0.6051895912994496,-0.7421124655889791,0.7368464646533565
0.9643747915028429,-0.06678068903549957,-0.007599098618332495,0.5025021804642532
0.8783994831549146,0.13868244785187356,0.3922884973003733,0.36775698429589815
0.6312900545884574,-0.7924979676020453,0.12058326821068735,0.46229466585233453
-0.5864384495229765,-0.3413348332965266,0.6447345318684733,0.2581305562995087
-0.7971334458327636,0.4056125706544112,0.4499296836415225,0.3516395085070264
-0.19675059082962024,-0.9025041053019811,-0.4292863815885667,0.6384802820423351
-0.7770699896127885,0.1011719074019582,-0.6233470838983577,0.7138940839162888
0.6488586744201985,-0.6347985012508094,0.46236264111175956,0.3500424665111067
0.6436316724513039,-0.3984940008431195,-0.6576578117863343,0.7276824059502884
-0.7722900658874605,0.4720306365751987,0.24982029035019476,0.414278316559457
-0.003659594818338649,0.4687215417950702,0.8758144387702382,0.15642048096932146
-0.8279836631954194,-0.5122247502536903,0.2984483300264982,0.40532132941536236
0.8612131846777931,-0.5071476649572977,0.0405386008221069,0.4870960484430565
0.27875221392578176,0.9019286980692364,0.43812042781218086,0.36168890236119183
-0.7656827293853752,-0.6761433433980065,0.16564515315651246,0.44882815212092114
-0.6710081737964019,-0.7592785246239554,0.19171489535426378,0.44047917600176256
-0.10062836211938822,-0.47252432298194547,0.8815487731948534,0.1595795747117327
0.6062749216656401,0.7356093235849833,-0.002874491273499917,0.5009598466327763
-0.1216563156256279,-0.27374641330657024,0.9592877527561571,0.09634610490008566
0.5099203863630717,-0.32771964463257336,0.8811497004015738,0.1918024365841667
0.34214773400272785,0.8832981149097991,-0.3642784403018535,0.6168609832760781
0.09086574514530843,0.7470974925708528,-0.6334531262244624,0.7227041590495236
0.8610622457994842,-0.19843871595091947,-0.5119076570357587,0.6671369812749283
0.24130173049555254,0.7110904708717191,-0.7376263447896136,0.7471580260901592
0.5385846744535522,-0.632738194457358,-0.5807211533662459,0.6941623953924905
-0.8583622780975879,0.05611536604993028,0.4319166204992221,0.3518782538498161
-0.03632563979851562,0.7123605482336014,-0.5680976542916005,0.7140867440982447
0.6005806919975402,-0.711312111389518,-0.17575373048292675,0.5593947551873207
-0.6042730577167337,0.21329291422381885,0.7187132021091469,0.2317806274629919
-0.70489947721598,-0.05248037732100942,-0.6515713040214427,0.7370539655023169
-0.43924176647069435,0.4880534706403215,0.7211173225030914,0.2351057977529929
-0.7820506048203493,-0.5879628477260537,-0.23815460754477955,0.5760011050255527
0.4441525169289679,0.7318975376927936,-0.488693804327452,0.6651038461405551
-0.6071857470207173,0.6078767163644182,0.4166869988397167,0.35626342155305724
0.9443658493608004,-0.11126484679919349,0.3859062435646244,0.37728353171033474
0.02328534340216315,0.7118482515283867,0.8420171207122475,0.22348089474313446
-0.4502230382341865,-0.644812634950415,0.5549823739997841,0.3043872467835193
-0.3388530457371459,0.6478457833537024,0.7426916315691092,0.24749921755258888
0.1022405546103913,-0.8870151481108801,-0.20065044363400225,0.5703619580813665
0.5525007215156293,0.6885761585178437,-0.5091998581321167,0.6665303339436559
0.8352656529607614,-0.11004487904940508,0.5446549536156153,0.3173213562500226
-0.7048984525837787,0.3101721894761993,0.6449589383003821,0.27808133689471015
-0.037248763580103754,0.25271230008016926,1.0819206230494858,0.07380181177546147
0.8954362156351119,0.49612612433312375,0.06434944888293265,0.48001729746635496
0.44470696977072116,0.8490330977134134,-0.010488458547911722,0.5034831819232031
-0.6956230122012361,-0.06925177105838404,0.5743223314221372,0.28108212351695444
-0.4163832385522862,0.8209839244981167,-0.1420756356268108,0.5487432902463468
0.24142219148579988,-0.3371703633552506,0.9244941598179645,0.13421713973479255
-0.5706621597985879,0.29744097379037154,0.7604711819738361,0.22354775017325684
0.03598277950420155,0.8731710025398144,0.010401459080383842,0.49621159734059567
-0.594443169421737,-0.6069636355269339,0.5940264763276795,0.3057688911485719
-0.22855791062675573,-0.6963142983903546,0.6596294621201438,0.2667256583102965
0.39864449830093834,0.7272661087875736,-0.5347607036749542,0.6822971739645594
0.2506979422493718,0.4896986870303753,0.7957333027413904,0.1925473937803462
0.9052120041213,0.25674063966029315,0.18688944924087109,0.4375880477138852
-0.1008421415259636,-0.6630940200582461,0.6721654771099629,0.24965693002569272
-0.49613036405178806,-0.8047334924616802,-0.16242856518632673,0.5541610263657453
-0.5400337127693761,0.0646511065032789,0.8118236657179815,0.18789181388003168
0.5469631956519138,-0.8665710102413687,-0.051536664326058516,0.5159949338508336
0.17107075197011912,-0.7057838162452273,-0.7028495275208771,0.7447948655147402
-0.48124045357043377,-0.290514091923884,0.8353887203298499,0.18853607472643022
0.5884681157924587,-0.5706395607645192,-0.5837589375553676,0.6969816003675611
0.21013321975956786,0.8969479136539776,-0.1863644511903529,0.5635362265062287
0.29057744160934,0.22276770724998093,0.849944612100817,0.12947572678077626
-0.07255079529080037,0.40788649582129466,0.9454325988867295,0.13146129152662467
0.8732335033901617,0.3171786630349927,0.22547801077564159,0.4242125762770864
-0.9122541271665376,-0.22308874774346124,0.40016319897658026,0.37178488938915977
0.8308461443991855,-0.40518737625543755,0.07349297733497026,0.4747458991696126
0.9578809754778148,0.374067093505398,-0.18907468327544563,0.5578798403967424
0.6619094189710207,0.6819350402156575,-0.23485362372329274,0.5771169606139439
-0.861381989182768,0.2238788969321817,0.4867235494336802,0.3407034788962978
0.7196031810410677,-0.335417704110044,0.5454989879383335,0.30837631992865894
-0.22190866069694237,0.6836615155086496,0.7358310243769711,0.24626766862277696
-0.7261607629467215,-0.010780723283157888,0.6592923622918391,0.26536865645729196
0.8256266611853097,0.11905743190612422,-0.565352393894067,0.6895959147913181
0.6328181637190171,0.7928482209210869,0.06666198138736967,0.479112689583592
0.7878693793940171,0.018643220913381955,-0.546503245868709,0.692997144477986
0.9465802310680783,-0.1639627351551518,0.2126723492677632,0.4306516775517353
0.9132373723646634,-0.015223229303604407,0.12477737023405056,0.45678228584877933
0.5482907837707927,-0.1877237355619477,0.7933071390740644,0.200829739193778
-0.5427107933273444,-0.6811879284320033,0.002881628033675143,0.4989468413855275
0.5737181545056479,-0.6211007805475951,-0.5830930110607442,0.692171677626944
-0.776909841202589,0.1902873358383954,-0.4521659329127492,0.6637740365456903
-0.8562976018512571,-0.10823025099441866,0.5510100606115159,0.319143432110804
-0.9654918114092664,0.03868209026110217,0.3208440272064023,0.39795281000583455
-0.38001496030685705,-0.7877157773263624,-0.5234525036949081,0.6716723579670452
0.5888656999388152,0.6097037312144264,-0.5994234266610732,0.695925329151778
0.8450462529106131,0.2222388935978147,0.4992277580774286,0.33477144611210363
-0.3158287000410542,0.7835095090959143,-0.638007167094534,0.7058984575668918
-0.16767025856234505,-0.6687940567058991,0.6805056756574535,0.25208781401123337
0.21633094982978074,0.7831774984403086,0.5252649807698929,0.3173240847295556
-0.3193273104724683,-0.7613292602196668,-0.5453163909339295,0.6858087604868078
0.7078624757911935,-0.18463419723551963,-0.5638326908148958,0.7090163164797447
0.13097172879729524,0.07132060004543382,0.9438033560364018,0.04988411359053864
-0.45166528733786604,-0.8913745503481765,-0.18009812941743775,0.556759293582341
-1.0416279281302552,0.31481372748331093,-0.051496729232438754,0.5150526282556868
0.3580010538545576,-0.5650039860788516,0.6541164789983553,0.2535508197864782
0.2526888735796582,0.3527792622105904,0.9290971379717942,0.13908469030178156
-0.06959036952777022,-0.30987173195146267,1.014512681954212,0.09656976054052678
0.4394653092176995,-0.6681213532371476,0.7753021129888232,0.25492992792106184
0.8338760563656857,-0.2540661820864396,-0.07916386721029921,0.5288276727930105
-0.32175424660806123,-0.7561273675436472,-0.5857739581462154,0.6971281039450471
-0.813312550394274,0.030408633908181458,0.5437073041378077,0.31252987229464346
-0.6779202976824081,-0.6746775057675372,0.18964543322881391,0.4376924554402817
0.6569156738987223,-0.6706965961859963,-0.009681266823263084,0.5032823679791577
-0.47194396431348334,-0.2693580349044427,0.8780330282630208,0.1764040581946762
0.8745397849247619,0.25483829296225435,-0.5260590023658062,0.6667041859310553
0.9326161720722118,-0.4116917417514638,0.19865046402425904,0.4387411999518851
-0.30519542337734934,-0.6369432190374206,-0.6974597620187374,0.7479984516510622
-0.4467785021097113,-0.8868198688101838,0.10555899865820026,0.46628946175495867
0.16360003544015178,0.7840335649658924,-0.5320851745889581,0.6866542272796802
-0.41853248393527376,-0.6823992479495004,-0.5270488869000601,0.6853339599488427
-0.7219878730067286,0.5810940713497391,-0.46267458871945844,0.6473858279178794
-0.4590241507457674,-0.7754122978233181,0.3896870952039344,0.37007450363533967
0.5640897049104352,0.49195387758679804,0.616300016805928,0.28073179645352214
-0.5472216909241586,-0.7693162725962142,0.27924083834334534,0.40846052379679026
0.3697269765327176,-0.058686841462112914,0.9396849734675801,0.12067532368580343
0.802756004595556,0.2882950757683778,-0.1486863350000583,0.5549355187473329
1.0259256315206338,-0.10057597268511734,-0.19603219212952305,0.5598177045328175
-0.45015238662825174,0.3010136361532368,0.8630528405741814,0.17836780537719008
0.697155974793679,-0.6980501016339372,-0.2686238016457504,0.5846191140282426
0.015161026188716224,-0.38277741489090233,0.9067874615222616,0.1272328042863575
-0.6901862841582241,-0.3500914734281765,-0.6252036416670355,0.716296636727771
-0.03589551946508982,-0.2980791463573583,0.9200623724946315,0.10040235460987751
0.46808181855666964,-0.5214387192509324,-0.7290409515912932,0.7563058659998193
-0.48188719775305955,0.2605342219880033,0.9135334711766645,0.17194084147231775
-0.41095105138086385,0.8736521530908232,0.25692069445707044,0.41721399767605144
-0.11879373706659144,-0.10708912023955922,0.9979806774341633,0.05058260415631962
0.3025171329979676,-0.6970308859408417,-0.5445035599594861,0.6979178651980702
0.08932627981414257,-1.0510241221913559,0.19037930874019676,0.44316134042627775
0.08840339585052637,-0.300493539849172,0.8910859641564352,0.10759554224733814
-0.7826012350662945,0.46273886313658064,0.2159830118400016,0.42575837170814224
0.3881244922105949,-0.8574875292598578,0.3197479790426252,0.395760148774267
0.6423424492229598,0.6140295377768175,0.4185224950066615,0.359890875764393
-0.942195075543633,-0.2830154006265654,-0.02654702508759761,0.5085873908407449
0.8876912071742789,0.013010073127941973,0.4585862557803771,0.34822988337002264
-0.4043807824561894,0.786967825201125,0.3146819575126102,0.391230965312212
-0.4487851587988784,0.46770893455839163,0.8077099368523039,0.21526376976520864
-0.6221088393560075,0.537970011186628,-0.6938831355544741,0.7230747081716506
-0.39702262894480933,-0.9463594182058679,-0.17555367241888362,0.5539282789634457
-0.3838885159463582,0.11786129071282905,0.8927891652776664,0.1345448783534984
-0.5251217732500397,0.24462830130417101,0.7895104932341609,0.20149724071189742
0.05741542643996328,1.052135981736154,-0.022739133597385622,0.5068681390030271
-0.6740928286370427,0.6787304435299994,0.3739867178195374,0.38137057140392144
0.11290622229098564,0.9641581684282731,-0.3580038504165588,0.6124643698162402
0.7937479557816769,0.4321440061706872,-0.4350785754501709,0.6428142928222513
-0.790297034322333,-0.5806689906926585,0.06734845026899344,0.47817439886131774
-0.4803799311054,-0.9142654842970105,-0.11422736056069983,0.5350629558830704
-0.6693903920777555,-0.6451972707563065,0.2599299617568534,0.4132222056748971
-0.7859209129619242,0.2218470468166297,-0.6769025192194212,0.720306557951212
-0.15494355046454483,0.18365102657426038,0.9775636991953385,0.07671851164657809
0.20080375947667156,-0.2318652278087942,0.9409882182722388,0.10030127204671953
-0.8828124001069092,-0.1438039190223453,0.5714766439732231,0.3190270195184079
-1.0125974803260462,0.09979955077305881,0.21828641274911695,0.43273215671241566
0.911051998319431,0.13805125556174408,-0.16283742539714105,0.5556763470734868
-0.4132855639550757,0.6096398545966603,0.6556616098286061,0.2684673849869764
-0.7230519586496337,0.6224659951703114,0.5495491003523578,0.33365607515212076
-0.7257292928228994,0.5474613594599431,-0.39486616353923926,0.6304359738572536
-0.5277085518646765,-0.1707486159536601,0.8580596324512003,0.18265787656204754
-0.6195058256969315,-0.18691472061315414,0.787955220113972,0.21885405394095392
-0.2766948942712,-0.22639419306814423,0.9260043142821484,0.11728087997406046
0.06665416925447853,-0.7831594963731432,0.5387919063149917,0.3087200040667757
0.2641736069628733,-0.9235772217137778,0.33076617186867674,0.39444454796091577
-0.18344753230828156,-0.9828154358365767,0.06782728173890233,0.47843839986384396
0.3496809526447574,-0.12116037006144606,0.7942613764835745,0.1387922010525296
0.6702171803273338,0.06802319919835173,0.7923372561216022,0.22428792121694013
0.2163165906369733,0.7959998367577032,-0.5778274496090915,0.6945086693704362
0.7777507000661004,0.029122358095212394,-0.6331026759581594,0.7173696771465548
-0.6346435689102594,-0.7551494069756212,0.018030429995486152,0.4941823675629306
0.6438536758595683,-0.47663773818802074,0.6946651721681173,0.27260830780338113
-0.05617041718717016,0.23573828912179187,1.0008091647137278,0.07562065728188233
0.7071722627091134,-0.4532377045166019,-0.46448603121590437,0.660790256166749
0.8692029761498142,0.29134351040066664,0.3265867283699061,0.39106375945909194
0.9274314150406596,-0.40946259642763316,-0.09467499194769577,0.5296398325912038
-0.13611355579846637,0.3367983017715234,0.9244625903009015,0.11917832633496753
0.518291250633256,0.4308952126432681,0.7125786740765845,0.2411495584759011
-0.6940434601492637,0.09813514027044584,0.628542031113806,0.2673183080879756
0.023534034016357536,0.9983975059878255,0.07242783296708731,0.476955259696974
-0.2218254152227856,0.9742116012247062,-0.0855256609497367,0.5271806483916479
-0.26716577380353596,0.9105359588744465,-0.21822160814691205,0.571950088727777
0.3065071557815869,-0.7992532660825908,-0.5871941936092288,0.6913823916461654
-0.6332990557567939,-0.11335153053925104,0.6627052801446243,0.24528637951751053
-0.2802503383256969,0.648823750965349,0.7022151914645033,0.2510271892566347
-0.0003755736272983007,-0.05521921014318374,0.9639093449434413,0.01821544307388259
-0.028119609424977345,-0.14942394373954587,1.036357906535235,0.04636927544714324
-0.15595449474146977,0.8153682751972396,0.22233334710261765,0.41670401192373757
-0.7331339657835882,0.329728484952144,0.5437655180040883,0.3106900187724404
0.31101946940656316,0.3602527696335355,0.9213684266216523,0.1517709656717408
0.2501099168454088,0.6300954972074456,0.7203775255453677,0.24033785577908007
-0.436767324599771,-0.9279034028895335,-0.37244859972470074,0.6108851642904387
0.39728464748743536,0.91479144178241,0.05718898392439814,0.48176751658421996
-0.8835168804428414,-0.18483650086210607,-0.45620555814309316,0.6489583179037819
-0.16465850686462122,-0.33665164482248816,0.8714493460984728,0.12927706256851731
0.7020221879204196,0.5144879403889857,0.3026279405235445,0.3934849516293876
-0.8161566624895035,-0.3635181048725044,-0.2678679918406677,0.5927187582569177
-0.010920407216422852,0.8422671844855742,0.42301855087395773,0.3518577306228384
0.8731276285613263,-0.1498702863474789,0.2882646974207197,0.39986371135047843
-0.9454117523606936,0.14737584588135882,-0.004203766378675727,0.5013984639347827
0.2752636251670224,-0.7700548486381094,-0.3991692536604021,0.6445432134091862
-0.8848398175913272,-0.3555641781951034,0.34533987337765204,0.3894034969216896
0.9827377606964846,0.1707862770138916,0.16249807068300387,0.448595515060463
-0.508343648159377,-0.578246164982886,0.6325954257896594,0.28106833507288115
0.9491290307724559,-0.2317179075918987,0.13325203985053294,0.4568524925261105
-0.5671243519568223,-0.43439257895225947,0.7891676274020888,0.23417821993986232
0.4543819065377096,-0.859011714148862,0.2942318092131037,0.40641668776132717
0.6640967679889902,-0.5604830123464573,0.32663616493214986,0.38555571052248094
0.1210568279079997,0.6971119241669426,0.7066033682792416,0.2502119296221849
0.2099631979445601,0.9347701040958506,0.017755522005087267,0.49410150823408117
-0.7256939993548575,-0.5260589113420977,-0.4098016687163586,0.6365020352170925
-0.6036489672462272,0.4135709192299462,-0.7073653463163865,0.7446107361865894
0.3927899079130612,-0.6245006559518413,0.6209605988957538,0.27729500345362634
0.7554212194188343,-0.5709904821060742,0.25053746670816807,0.41766916863529574
-0.5793150383649833,0.7874554080464072,0.43080978688176536,0.36787618494316066
0.08685964079384292,0.9863112785407631,-0.4063003503250936,0.6239491626023742
0.17705301220527495,-0.8173212121687845,-0.4736811443565947,0.6640438340971598
0.02993207036325017,0.6388012259805422,-0.629341057300621,0.7474509922654136
0.42933739844990665,-0.853804240959414,-0.08655102456320596,0.5287494482703137
-0.8831789788757066,0.45126169533973776,0.20705062981496453,0.43448889862322937
-0.46467554956837015,-0.8532676666408062,-0.005571303484597313,0.5018252346261612
0.8774404065575906,0.5827975225964466,0.047114095789130256,0.48577221532084397
-0.4344126224132109,-0.42041450009987236,0.895725388461373,0.1889769686462801
-0.8765436348589315,0.28463173095512384,-0.11029737448311967,0.5379151457381547
-0.8882824980873579,-0.45151117013604564,0.20359900240136397,0.43584446579137154
0.47938115690498506,0.6314232294331128,0.6117721960102148,0.29079663223408236
-0.0707714374842486,-0.9638228653789727,-0.04094929033270782,0.5134794426491929
0.5648590893284312,-0.6657128792214173,0.39091841138569744,0.3659961871106592
0.08778833736175842,0.6977436134131354,0.8235500893240322,0.22497013027419227
0.34156836157669757,0.2337505965977203,0.9415292028916885,0.13183432915582843
0.8370776700832554,0.13319812963816616,-0.5636558217903352,0.6867984200155504
-0.260490435032664,-0.45534538180958656,0.9498482285116285,0.16061863574070026
-0.7915824765481403,-0.6282973445703595,0.10160158455769344,0.46810634157928604
-0.9371106112147531,-0.20785011552326593,-0.3906464675447779,0.6230276000177168
0.17670161912131,1.0075490571405192,0.016335899380141343,0.49491709674106815
-0.25416070987866934,0.2476884062083149,0.9186381298698696,0.11734811058183191
-0.8791346023958002,-0.49746033426958614,0.15077255141816792,0.4528366658478402
-1.0359925784311954,0.030926935690397082,-0.19718031212075884,0.5598417794495447
0.9796690410186703,-0.01803245001338432,0.4007764223679848,0.37641244741615687
0.6430185514093012,0.8099707407518012,-0.2971682505286433,0.5890658454586352
-0.33491451723347915,-0.7458368822624731,-0.4732976268520116,0.6670362100594684
-0.7709600152931411,0.4759089947673511,-0.4662730320503692,0.6512897634651751
-0.7879520438908001,0.3313070575081719,-0.43242596838749003,0.6490817560947028
-0.06477980075358376,-0.8658644031676108,-0.492996077498008,0.6643729174063819
-0.38975813896326233,-0.8126042267151157,-0.4149201061779707,0.6373373901852912
0.9444741400433484,-0.05075546714321548,0.35747125896875315,0.38497960365148315
0.5805141790429027,0.7045450080533244,-0.35092947467670654,0.6168189734846202
0.7108330940940997,0.6837889128292569,-0.0883122567453489,0.5284244080364726
-0.021023583840161633,-0.626624717367058,0.7555155868827347,0.220489742715769
-0.8839974035581297,-0.4452422238399147,0.19181439007484907,0.43906928026647696
-0.101045389630689,0.8791375548133066,0.38116710069295945,0.3705379567608191
0.8611995825725215,0.3876116443153423,-0.33151493278643657,0.607458668903964
0.7804066119229484,0.5539163752817723,-0.34490232872759413,0.6101058309024842
0.5996212701399134,-0.5013549178442361,-0.6543850830876345,0.7218736375503736
0.34578670753233504,0.852067677698998,-0.4484071598393134,0.6444188647820048
-0.4410450146983342,0.8751996197931639,-0.3379600289727722,0.6057013722022859
0.1565373580620194,0.8555437624831991,-0.4625976032968855,0.6555969680160758
-0.5939197460993474,0.5672480222510757,-0.6234544594570637,0.7066824828290382
0.7488694899938703,0.46327403572106024,-0.5274624513711259,0.6717847409340945
-0.9808084733635614,-0.09906802514605283,0.08604503765969433,0.4722866971476249
0.8479396324897308,0.32556859228199525,-0.28232671389462305,0.5959273538270544
0.4003734744351551,-1.0310344106319207,-0.1364606607538154,0.5390747693733995
0.08697946840407592,0.9349393148001823,0.1775785333289969,0.44050414530344345
-0.890572869543238,-0.11112617974988988,0.5309983421799461,0.32993941954344763
0.5710131778175704,-0.47436295134353096,-0.5847017394629882,0.712363512285751
-0.4676631197695405,-0.6527493805485673,0.6614792848906045,0.28066258858000315
-0.8681171655380961,-0.18448218862707683,0.2859364075135055,0.4007891778438489
-0.410859582880932,0.731469015064442,-0.5713186635396722,0.6903015444545783
-0.21051658527782693,0.4687375252045979,0.8094646740175397,0.18003886150365117
-0.1687571400210407,-0.3254715338417664,0.8447008672096472,0.13034450767730255
0.8218925609119666,-0.0008853965384631457,-0.5930660951596053,0.6989648326630099
-0.5163153073052665,-0.8049612789662423,-0.3610593747364574,0.6149117114721155
-0.6605691794840293,-0.25760065951010064,0.6580411457105474,0.2618646044940571
0.0027176255912206015,-0.8491527049536006,0.5500986109026905,0.31702297962615816
-0.798444687407073,0.1579109425177839,-0.4196154619186485,0.6515199713256704
0.863403222424747,0.38769398810093336,-0.3393350063139686,0.6095803759793469
-0.9864179468358489,-0.4070470016211759,-0.10503906393155012,0.5312318744056375
0.9539292927808846,-0.23991939432044077,0.14093598026819273,0.454700730901794
0.3351685060183627,0.8892133729966404,0.36094857409359155,0.38445328148620206
-0.297767082414547,-0.9047935502924048,-0.02226565751799113,0.507439215534297
0.32572545024731786,1.0169169121957062,0.10860190105943307,0.46773712902822806
-0.8065484252533408,-0.06995128849442203,0.6133577821554532,0.2936188977278226
0.6565252541191527,0.37260081599044226,-0.7089000176495426,0.7400027897472434
-0.9001227470081027,0.30214382739725243,-0.30687608992527443,0.5995059079065322
0.04033625652228095,-0.7797084901761326,0.5454272579611024,0.3059006714719434
-0.3854585670331937,0.4612559852937963,0.7808585579512074,0.2088299635136692
-0.5218018173810282,-0.8691468209351021,0.14249897089909308,0.45554773352636824
0.2131834132178438,-0.9462488445941996,0.1732373760283153,0.44374255009456104
0.617549658744002,-0.273561677172966,-0.46971423116418054,0.6934220503763652
0.07737706833593373,0.9946889827232009,-0.001908813161383048,0.500608997687497
-0.7050504624661971,0.6739175423269904,0.20996245256819096,0.4325061643885875
0.601326511213792,0.7906711716877767,-0.36002001213777973,0.6106774949557002
0.947221546884524,-0.039145036824932124,-0.27020722178145584,0.588381081510289
0.8839275047296025,-0.4464420531791199,-0.06708635280962773,0.5215311290038652
-0.7139801033881016,-0.23681434026953557,-0.708693910810051,0.740517240549606
0.4755374675318553,-0.7781000981821875,-0.2625656006326151,0.5892372109813632
-0.872379982925888,-0.05386827375334402,-0.36125148392349654,0.624754855511338
-0.8356596417379077,-0.7111396959077798,-0.15124303852743137,0.5435989465892551
0.6819154653434687,0.43343039236782555,-0.42615027388537885,0.6544869949107672
0.052519039147725835,-0.6280074303006983,0.733238420116372,0.22599008127364753
0.6452134731965478,0.6738434846906115,0.3310288809048956,0.39146670806687595
0.3834791672793215,-0.7663973521668827,0.548951094947533,0.31865514358011565
0.19434460726177594,-0.7551976302822587,0.6309352682047619,0.28346577585374705
-0.27149169693175723,-0.8975152964929307,0.11242160433721504,0.46201800584463093
0.8103003480563089,0.18937394177554712,-0.5838137776103948,0.6947385005573959
-0.38898190596611754,0.9399224536455992,0.2067412399787822,0.4361763088066225
-0.053628908617211,0.9256703635574195,0.3557347358066427,0.38339098188805104
-0.5701246206137045,0.7206634177100223,0.47805617466624334,0.3473036505165583
0.8735316815321423,0.5468025126525348,-0.009995696050997878,0.5030872866075689
0.8258007564050623,-0.2725081493272655,-0.6001545231061106,0.6922857812142739
-0.8945806970700038,-0.44798464721313275,-0.2709542482363505,0.5841863879375704
-0.2590726381140145,0.9070838146705766,-0.1459805290961022,0.548869570383705
-0.7425648753825761,0.6572395325352298,0.30395880921563545,0.40532619771089945
-0.9636481761639633,0.3887085405472045,0.3601578504448,0.3937958985208615
-0.8080074031961586,-0.6498400905099613,0.005580529442451132,0.49828689827895356
-0.13257397709818236,0.012964701286271876,0.9363599723250111,0.04498088562221743
0.8239296534714039,-0.4664447624431175,0.34355808604042926,0.3892004253948868
-0.8805414826121898,0.06215709213634595,-0.3560041201841404,0.6220228483296683
0.9136908270369414,-0.026005898039812497,-0.4989999421773764,0.6590600468758364
0.6058286599493303,-0.7748726689856625,-0.44795118705395914,0.6360312051703145
0.22030988740710228,0.8471055504274391,-0.26989517629586873,0.595206692051331
0.9426972781357686,-0.4727850847478909,-0.43442054983726686,0.6243777087507424
0.7179223139616072,0.6213975092620636,-0.39427335190855683,0.6252798095867097
0.33615153954734545,-0.8774750488755444,-0.25825708427655464,0.5853765876414649
-0.7764424867018156,0.6811367041873679,-0.3632202499880772,0.6076382153075925
0.41088272897128875,-0.381863420504234,0.8774834569626347,0.18104868152169837
0.5662511524279313,-0.5605039612201571,-0.5850133199312536,0.701600433627577
0.4036454595032566,-0.9060624054637568,0.19799276593870682,0.43728694597265944
0.1853667743090487,-0.954167233304086,-0.0481133207297764,0.5157431679576209
-0.1139112608724869,0.18843578898958038,0.9166066708358347,0.07504354689696319
0.8545586498064843,0.4836060417570703,-0.4198260364315561,0.6286092489652114
-0.8807058315936265,0.575873652999785,-0.09260017138273055,0.5279394076934563
0.11249102463900695,0.2366323261905417,1.009861969939773,0.0808041627170172
-0.23595927891771218,-0.5463762147207291,0.800612347071771,0.20347754972725882
-0.2970149253593731,0.5236326084077422,0.750684153838444,0.21515301785675076
1.0097689061807615,-0.1957806676275986,-0.2164824494272914,0.5660305195538899
-0.5587315312890151,-0.7157967868877219,-0.4565801962809575,0.6483000588850915
0.3602208064519386,-0.7064558346772468,0.4343727346887308,0.34048718443560444
0.3594158294902388,0.31258003412956437,0.8404446248140272,0.16412543976610333
0.681771545863843,-0.8069446645444903,0.2225862405953088,0.4338979121219456
0.8536935144847381,-0.4437767224792823,0.25974245296899084,0.41606955170349935
-0.9503849985789217,0.11368487691079346,-0.19242069453564636,0.563149024979809
-0.673673733615607,-0.5064507391366643,0.6662379662343818,0.2870764904166478
0.13037925888385216,-0.9863974829102048,-0.37022913462783763,0.6133897063346041
0.3505167388175032,0.882192313704106,-0.0596634109542806,0.5199799654989898
-1.0470811410678924,-0.05783562849429759,0.057360137218034894,0.4826065420813784
-0.8709054183147541,0.5553170995690875,0.18926039534544475,0.4423145425707557
0.5476965192988978,0.7486392453161211,-0.25607819763939577,0.585739248348848
-0.5575415249996637,0.6489584853754684,-0.5280241729078241,0.6760069997301036
0.8755053813458005,0.385131335039026,0.3581771144902701,0.3859454596202019
0.9390855099999373,0.1485882408136873,-0.26388149612008266,0.586176440803632
0.6313583346789996,0.6790851763089134,0.22942660558070224,0.4227912224272469
0.885200571844395,-0.19521370116572825,-0.4044494564321596,0.633586115997344
-0.9672885716743089,-0.28379662766183233,0.1417906280042808,0.45551937591130365
0.9791121568069914,-0.24998520339397565,0.20954842482411953,0.4349155741215229
-0.697856162325935,0.32368533694661816,-0.7229623529704658,0.7401253513311721
-0.36734720320547687,1.0279831917405082,-0.15048929874315167,0.5436058494259218
-0.9143018314314826,-0.015227888405452764,-0.4620276641696968,0.6489212028552828
-0.6840292420386745,0.23418736251715982,-0.5623499267062388,0.7104195452089617
0.1747114150940524,0.10648818467695831,0.9997954105274229,0.06425438550863037
-0.5741055758172786,-0.7206229788775118,-0.2139653120923272,0.5726333409343243
0.19717312354205285,0.7174593168025809,0.6790790821423729,0.26452400355082795
-0.699443408682311,-0.6643528407727198,-0.21282261781819029,0.5691175016628327
-0.526305172759943,-0.7765256121699934,0.4366146445205278,0.3613391828400539
0.47487727490476633,0.7202404641442036,0.6208380879255145,0.301441992838692
0.8385330124122383,0.4817676123515996,0.32295091759141753,0.3974082908341396
0.2549259589164446,-0.9842484513103036,0.12459209036880624,0.4611870457441538
-0.9262891812088507,0.3108119555310709,0.04881805139323271,0.48410885240661594
0.9717423269312869,0.33938843889675174,-0.14013869972800727,0.5430727136039261
0.49191445986221644,0.031320377857752255,0.8685626892306142,0.164305395211012
0.7107586412656075,0.3224048311444068,0.6650331964793681,0.2753647763816043
-0.15706611756410593,-0.32727724924764273,0.9556778354492205,0.11555189425263107
0.8381462963423518,-0.02134207940748163,-0.4737148050157919,0.6637049797442834
0.05912303141889055,0.7675652798376801,0.47477125106090917,0.32409578333520905
0.2938237571058179,0.2414595833727689,0.9453724461965326,0.12174549229904211
0.6554345290884833,0.7960267513870688,-0.28232677242911325,0.5850684506794934
-0.2734556772870785,0.7547829901905664,-0.5438114765410265,0.6895206315429482
0.7532590941175713,0.4102417031125132,0.4687465316261549,0.3407971799878694
-0.3730050151634778,-0.8698937340191275,0.2984238454576069,0.40277901962255275
0.6852679807868474,0.20073897042918984,0.614177639067031,0.27389269727741344
-0.839014860549188,-0.09368115754705496,-0.5694248024446805,0.6888850937419031
0.7665963520958542,0.023896901098202753,0.6443965831394041,0.2775749137386222
0.3416392385799356,-0.8655314491573883,-0.38143655398061166,0.6238313980284507
-0.7446083312082322,-0.6344328743682247,-0.4016646160883345,0.6240171603568928
-0.2969633359933604,0.8568952815273192,-0.47644494771419915,0.6539755337071487
-0.5288237289419987,-0.6214397134353794,0.6923830806978492,0.27602669878805625
-0.8191090240257156,-0.22649022492553025,0.39915952142449246,0.3602292752094952
-0.8620491729793525,0.5027558657322285,0.16341052162603054,0.4483361527825594
0.6436223303153207,0.6302916338780552,-0.08937292197745923,0.5314766403242487
0.5657061603096113,-0.38662046027106645,0.7892542615368306,0.22757358164036184
-0.9338767858972642,0.3095346470511321,-0.07781179567489002,0.525122844112054
0.2889585227109128,0.6944752754131716,0.6877963220451984,0.26422522622709743
-0.7223747636834859,0.803040149187095,0.07577853635606252,0.47770507766913944
-0.8838536537971841,0.5627906837006339,-0.08850093150405425,0.526821370982054
0.427434996835093,-0.9186096613066794,-0.005816409206428438,0.5018273066869853
-0.0772703627403134,-1.0676342549802664,-0.2540447600646427,0.574172311563853
-0.004289288110770381,-0.8205012571461119,0.5616262383774089,0.30893917492627004
0.9698115931564887,0.016332046357575382,0.09247891810923808,0.4697424964309983
-0.798411889921329,0.450376351500439,-0.294876998547004,0.5990662639325001
-0.6003160611550336,0.07453289029641795,0.8937269748992662,0.18940208677900633
1.0207153958547308,0.09951462140452612,-0.03890352542455585,0.51206901810871
-0.072131647388785,0.9738606561897546,0.20451544134706687,0.4342857828420221
0.026804750190913478,-0.5303257316351253,0.7906699714184177,0.18824859884961184
0.5572155418012512,0.6389355919970859,0.27852057948734327,0.39896164422805713
-0.9013683106344401,-0.18162221827028951,-0.5521887189604722,0.6721476318294427
0.12143301868901489,0.4326736403002843,0.7988617995390667,0.1631081484753449
0.9612694621810001,0.11139037801155569,0.31476475907533247,0.3998990367281154
0.07575555196812388,0.9464542205400566,-0.13050361651057027,0.5434784034391131
0.8096587987827255,-0.2229984272877484,-0.4884953409936221,0.6676973703804578
0.2360554896041192,-0.7416342956367735,0.5891774759385786,0.29374393527355047
0.8861861021011966,-0.22177414260118303,0.349178973781922,0.38378504130127167
-0.967086049740475,0.04113904328546242,0.2621541621612195,0.4158113002140124
0.3840629624670217,0.3895185373279589,0.8779578636400994,0.1773626887508224
-0.710411419194145,-0.23839780134820976,0.6126980133865002,0.28182794094898633
-0.8056606960600521,0.18160988038081316,-0.49668777847809614,0.6723500096360646
0.5302412475384817,-0.7546689401421032,-0.15597554360522958,0.5533253372869718
0.7342992390540616,0.5388677456148672,-0.3136254427628757,0.6055582441318108
-0.8597670869259739,0.109955732239093,0.4943018232396854,0.33502629217153385
0.5269978228381449,0.6564422987651413,-0.5953202509292184,0.6959311885643301
-0.4590622110270425,0.8523586386912398,0.19409817365930587,0.4370170506004153
-0.09004206074971949,-0.7768833140621884,0.659294764705038,0.2770510891125591
-0.6619938999938415,0.07383232936885742,0.7820608218291502,0.22456538116367375
-0.7754205215595088,0.7273655390432343,-0.15933622482059984,0.5473522126496007
-0.5765466536262621,0.42003482337986114,0.6554002074320483,0.26346334746797395
-0.8279705081180868,0.20478502541464727,-0.5368394869298004,0.6788159964787079
0.11087778140526999,-0.642688329004953,0.8205585294089565,0.21376551629539664
0.6861203179334195,-0.4971922920324399,-0.5589811174528915,0.6856269177069219
0.9683651123704767,-0.33172385931535525,-0.10274119976830937,0.5318426588383224
0.13688051173121288,-0.6766867695530854,0.7014623357778197,0.24746834905283516
-0.3443700716877899,0.7414898535200973,-0.460995756910811,0.6634298264479388
-0.3445224500637569,-0.8692803118434131,-0.40793984896246516,0.6309454489635121
-0.8305544838262713,0.32178742106391883,0.5526700215225162,0.3232287665588804
-0.13483236242714652,0.8444276912484853,0.5292249115472791,0.3235955481111118
0.54072074734563,-0.7410358299724876,0.416529256594087,0.3643278309540624
0.8131300605564357,0.11467675742414911,0.45788467630402524,0.33808970908355623
0.8456904935500094,-0.49502020081517883,0.2549092514827174,0.4189923294217463
-0.9113210483288026,0.24927284717119497,-0.3050648375681364,0.5994149855814055
-0.6529084877172197,-0.6705218088567602,-0.16409470673657972,0.5552494448239224
-0.4141712661544642,-0.7890020539277802,-0.3308284819320855,0.6131546654570103
0.35405052170961165,-0.29939383128828295,0.8068768256414338,0.16602028929281773
-0.6963265747335022,-0.7138230188756652,0.3392788971770857,0.39561183255859583
-0.7965760554185888,-0.7310509891280932,-0.027402847597850694,0.5080658727374087
0.9061654254845789,0.4327129981513561,0.12906618773011652,0.45931102340215857
-0.4147935629424882,0.04492978248455718,0.9212187687965863,0.13536535748057435
0.5081954781384959,0.6443509926545995,-0.45845253703842354,0.6621666685102453
-0.09221597811994196,-0.9049196704025171,0.3167743215865203,0.39332835939232796
-1.0437357508896759,-0.06715911837144983,0.1900757716490807,0.4427764275685792
-0.32329588936181486,-0.8081901767269997,0.3747532232247494,0.37059376071670674
0.714620059434597,0.21012234318726847,-0.6137155185421477,0.7193658116194356
0.4705792899216388,0.29929112221955545,0.7430734203691205,0.20493873948158936
-0.07917724995163451,-0.3953299311869442,0.8542699453731313,0.14036341212722142
0.7493040441482457,0.40220905164246934,0.30330959539300345,0.39094982932141314
0.8166198083224387,0.40067733105081044,0.4681508992791666,0.34870368399287366
0.4317019701710754,0.06354685682139984,0.8259840775598764,0.1547042582789939
0.9429606323747745,-0.20519698574493322,0.4711926722392707,0.35541790939950996
-0.10071824854289488,-0.8965735299432417,-0.45868144273299366,0.6497144457502518
-0.5247612450952848,0.7750550781127921,0.2400973994276684,0.4200717920698234
-0.1777127382357107,0.9068418521937125,0.3670625725399813,0.37964606562542563
-0.616602990735267,0.8281512883654898,0.03248506346011797,0.4899883625191283
0.03436170432974166,-0.7243476243672862,0.6146143904602879,0.2762050602640549
-0.26294689322691067,-0.4455493355547233,0.9053355665328462,0.16525451006654326
0.1975260694642033,0.4657313026037725,0.8825163734590634,0.16568199492030222
0.48338367797876536,0.959078943202371,0.0909293272197592,0.4731148589017333
0.646630163735337,0.5653739440153827,-0.4317666170690665,0.648263732246268
0.03685764597746129,-0.2472409939735146,0.9862664086114573,0.07901306257329618
-0.04198949168003593,-0.6583039234060606,0.6975718160013865,0.24110649224074893
0.014111977577226348,0.8266820299467111,-0.578753424641917,0.6943979662730957
0.4740943098041213,-0.03290140773907865,0.902423613755521,0.15429000721384759
0.443225533911168,0.3116369844751911,0.6740086064264099,0.21552713540056165
0.9479117212549371,-0.11517768011376081,0.19663757904281332,0.43535465670369455
-0.3116728945038401,0.9130684226151519,0.30316436832487414,0.40308848833965527
0.14408003244636616,-1.0607228317931894,0.003661803994286287,0.498911140894662
-0.6947295791204846,-0.5886437605853966,-0.6380365083271464,0.6945484629199321
-0.6988525688352911,0.670569366110503,-0.20516744963061856,0.5664462665544687
0.15639268459149977,0.7293404295115856,0.6594964181208952,0.2695492107882985
0.4879199680149672,0.4698805591846727,-0.6643910234468132,0.7469169774940116
-0.7687875658205945,-0.6594691925482984,-0.029291254268471498,0.5092025328534813
0.08291938738017286,-1.0802671218815647,0.011789178938670687,0.4965365434017432
-0.6384388569675082,-0.7842554890550455,0.1712270778620583,0.44661033938503436
-0.508754366195284,-0.01562094467625734,0.9032914022351136,0.1633374997745546
1.0020711779695206,0.18797973360431908,-0.1734148723952607,0.553627956262323
0.8320252730421098,-0.23586794599051067,-0.06698545815582886,0.5246060949399584
0.27712671358395674,-0.8062359296047088,0.5507715864092437,0.31742179350972083
-0.2997084572636273,0.9722284952912293,0.1031714462546903,0.4678303661752297
0.8578885397756143,-0.10377863226564399,-0.2770606213107671,0.5987602172914944
-0.8210571835382016,-0.5610003044953721,0.20598850710396133,0.4349829419003563
-0.7736847986017342,-0.4181660631372268,-0.5035516607015289,0.6655227939656152
-0.002001065564918452,-0.8907945843728241,-0.39625324339520657,0.6332274331803329
0.3235303043089636,-0.9057060390623153,0.2167700201177364,0.4294353529717698
-0.5319256292914909,-0.7841404813512363,-0.0038069040263424454,0.5012788652836496
0.3974374770391293,0.38818805169658094,0.807087323783162,0.19189795716681476
-0.5086136697807813,0.7971929476012555,-0.12010571228814917,0.5402138989105696
0.8720529427984675,-0.4037992128255678,0.22455790539715453,0.42693160968665683
0.2001056849589965,0.9449582187375972,0.3369994504424224,0.3931473653897396
-0.5829471080764336,0.5171672445647287,-0.7070503312417085,0.7345420195161738
-0.8180797103254395,0.35641511595276587,0.3252495231166296,0.3887436526179278
-0.869009514844755,0.3247760007493045,-0.37149732360938825,0.6212404676320431
-0.30684544466962893,-0.14962312384210663,0.8379608474300795,0.12314306357877164
0.9004971544472375,-0.32326549652503284,-0.41034438691234093,0.6289662242675723
0.06243615008208617,1.0552680977964577,-0.018667226156255753,0.5056203472125318
0.5429494499408165,0.6431812139015162,-0.5670798163315808,0.6887170389944445
0.044513717588992786,0.15933650287173584,0.9430662520252137,0.05527711986913172
0.7792298742310436,-0.6742881573397697,0.14358525864574634,0.45593048562476746
-0.5754074741774696,-0.8293854567474892,0.27033716715634765,0.41670847931742844
-0.11263598229340097,0.8293935379184861,-0.5957320506450184,0.6968945263550228
0.34206634151078547,-0.7648132402691205,0.6409849927451411,0.2921214599892849
0.5935739880361532,-0.7053687009901967,-0.2914740125969857,0.5974747421717981
0.2824093609196612,-0.38526428056166767,0.7494447157041926,0.18062706862409067
0.8970197334990747,-0.47416923686326407,-0.3690464472208068,0.6110418790071106
-0.10751540102681154,0.9015034266238918,-0.43357280670394027,0.6418181574265556
-0.006169861356437999,-0.7709070565676023,-0.5968230146293034,0.709697408652419
-0.9543010191052012,0.2595892683000188,0.0439859325424719,0.48585212270489864
0.4839767007645807,-0.7194345987380846,0.22037729596099714,0.4207753227203838
-0.025486870747131324,-0.8085975995690933,-0.5948207204286903,0.7018076265572213
0.18371592185578536,-0.7126812740674433,0.6112610442569922,0.2793832854461386
-0.5742044358700383,-0.832106505361067,0.0836035388595647,0.4737373515098888
0.4770474863649777,0.8820185533316343,0.21902771847196215,0.4315484017611556
-0.8773417647268025,-0.25980118863053914,0.06090493580635083,0.47884362305392725
0.9191565705015529,-0.22768513837280313,-0.0035426558556928313,0.5011908472756889
0.8899541218437849,-0.39707148847824264,0.2604355336245147,0.41687564480986333
0.8611474383755487,0.2967350851751604,-0.43778956123221185,0.6426167497812819
0.4308826993856543,0.8391417100920103,-0.4073925896767891,0.6297695266449719
0.4628301332804171,0.45119517612045373,0.7315619520998162,0.23034419381679186
-0.05877956721929582,-0.41353762198250926,0.9320046917755629,0.13411315940822804
0.39870688272266963,-1.0002591630654427,-0.09146661006468701,0.5269735900877064
0.260031137875588,0.9293059644042646,-0.2572358838187788,0.5829222740917783
-0.869909751141371,-0.06941720897419522,0.3151290452456704,0.3896944176501152
0.5314960066151538,-0.8661246753456429,-0.057666221989987276,0.518043776231125
-0.0894346134632913,-0.7189992033853858,-0.6642339893675502,0.7361863859296882
-0.8509570451072286,-0.14478735166464818,-0.45768156640070967,0.6551865021745866
-0.708759018969979,-0.48630276232106684,0.4728162798257428,0.33992222201823924
-0.9365555955253526,-0.07164360859415758,0.43572053821179896,0.3617459201522743
-0.10344687123857414,0.6814696149605413,-0.6816822939216441,0.7482367918998193
-0.8700303613711108,-0.3554822562602347,-0.31499905771843173,0.6029389388896313
-0.2916435740469917,-1.0020180649922157,-0.4319839224795324,0.6249249089180271
0.6034993305832215,-0.58681093706941,0.36160347606059623,0.3708476375778771
-0.6347245693403136,-0.5298899214074793,-0.6612759273401033,0.7147313374376003
0.0047252532910389,-0.8955898652266095,-0.5778695008826995,0.6823962325780026
0.40852390832164304,0.6043383379137095,0.6831385884829972,0.2604348656197108
-1.0316572912171322,0.1761453368795216,-0.4586146758944867,0.6314613786612806
0.8989522848499325,0.0266180851897955,0.44709271491530156,0.3531478623485885
-0.07306544448777022,0.9558476842079336,-0.2725865193392246,0.5881833804421787
-0.03144242422930363,-0.858241203785016,-0.5211267750588083,0.6736067345196006
0.8649634211357037,-0.16879321069501482,-0.24974716614630407,0.5879016023636812
0.690411099015479,0.5553113494482095,0.45720985156256294,0.3483620248224244
-0.5093482578743217,0.47476280869645493,0.7746437425729346,0.23306281679725346
0.23168580979541709,-0.6690503661772845,0.6316231066352453,0.26813514005877637
0.35246290816216713,0.9276375212914632,-0.0038479215801245845,0.501234278172825
-0.9259183554546322,-0.3646990008031769,0.5051402558242549,0.35048683997942087
-0.11652781707649398,-0.8560943018377515,-0.3610882333983789,0.626008879441629
-0.8219908974552332,-0.6069627145217151,-0.23616691885630725,0.5723009122952075
0.25056421283162844,0.5267303823896985,0.7458782614341072,0.2112557811365724
-0.4397555012585762,0.6844583851773606,-0.6602617864671784,0.7170112975535784
0.17154919727494702,-0.7553705583172423,-0.5506011650554306,0.6966987819796978
-0.8716391922136756,-0.3673282331378522,-0.34053034402180754,0.6099980227470067
0.8010360446077857,-0.017174458069390247,-0.5905886849713784,0.702190885150033
0.05873485526939323,-0.9598566523064008,-0.3474955157512105,0.6103747608641059
0.9197565202876428,0.24869050787154517,0.2736194896454771,0.41098368702612176
-0.029791500056740958,-0.9748870028572644,0.026854779767899423,0.4912379637973546
0.06993746295802847,0.4953622959608523,0.8632496494058957,0.167185418415248
0.693741634676702,-0.21507046802678625,0.6204279655315554,0.27497547847036524
-0.7238697625953932,0.6310185496040163,-0.12865209811095296,0.5423918906711013
-0.47817277763771937,0.8056299847642642,-0.2676494500356888,0.5885785830210405
0.6105903138419895,0.9081517002800786,-0.13452546741731644,0.5389343158910104
-0.2685078705562229,0.9447904697827657,0.26163508111176903,0.41713425014767147
0.701972615366054,-0.7004883145939267,-0.24020909312732344,0.5756446950969806
1.0087839556615683,0.008780079365157355,0.3838124705345588,0.384279894432493
-0.6982586005425188,0.6619707420166275,-0.01862078396111314,0.5061594544442669
-0.8613667913090277,0.23204026796298982,0.18254223637194955,0.43575217925334864
-0.16814862264207137,-1.0331858202833581,-0.0022183982000565303,0.5006745806139197
0.717933839299926,-0.7100926543549835,-0.2531283785561109,0.5781816643114697
-0.30688840206389717,-0.2917382491951572,0.8321106840426143,0.14983199379027942
-0.6548300752769818,0.5422743050463861,0.5866037577770746,0.30775738263624336
-0.777121461696083,0.46341030146661444,-0.5552040003450361,0.6751893317743318
-0.18683346694476582,-0.5757225481146798,0.7549953660073485,0.2151063050677561
1.0422513532389872,-0.03631379898818693,0.1813857723697601,0.4451856121985841
-0.4105310571711406,-0.4075699147110549,0.8189957097014674,0.19575026901958775
-0.46855578519286123,0.6543540427662413,0.6044975938352651,0.2949425918822164
0.23597021357186676,-0.9097037945918469,-0.010998671014215658,0.5037250355929541
0.6651780828052903,0.4950774143310922,-0.6888390239317853,0.7206529019624648
-0.7895969322033486,-0.567439999419283,-0.2107091741258204,0.5679282280564896
-0.9591177281196536,0.14006245232596504,0.18524205598189866,0.4398922790947374
-0.6636374206078979,-0.6978978877990417,0.2711380259886782,0.41264445134184635
0.8689554590036542,0.42899021058539333,-0.2572700778053728,0.5825991642178581
-0.6764803999041012,-0.3740956563245571,-0.5019060015535731,0.6833030155667328
-0.6431815333610278,-0.26454358956839086,0.6390994497039195,0.26343493942830193
-0.25979853997496705,-0.11330557320883695,0.8715618317645146,0.10008057320271808
-0.7790231240177257,-0.6067619659031197,0.10665779875998115,0.46575070320113127
-0.38554178053122606,-0.7790330619096596,-0.4026801841824004,0.6380934089681665
0.3123817986087843,-0.8833063817249579,-0.20823807949471873,0.5696156275555713
-0.07619730208752219,0.6902260032266617,-0.6618818942661997,0.7423653041686202
0.29634130063294656,-0.49376474137945586,0.9585958784802693,0.1721938233070008
-0.8887085962368843,0.011072818847325345,-0.5397173888930451,0.6737142018138236
0.8615745039814028,0.360140852317718,0.2497663136887669,0.41680944760010824
0.8513812392723242,0.3559647854020559,-0.18954288675639694,0.5644838738750991
-0.4579914450184559,0.7195843316116638,0.3410377275389731,0.3789294012756272
0.21364439871673738,-0.9312779267406026,0.4127937771216412,0.3701894305564079
-0.1764098048942033,-0.7134268862900052,0.7192469119230773,0.25342929267941366
0.1942546622376023,-0.9278046160670895,-0.3890375851706248,0.6239654587207155
-0.7927598910972451,-0.0712622807144662,-0.6590707556930733,0.7201420144990515
-0.7936377790556369,0.36422800827737306,-0.4572113833483501,0.6535336822275385
0.30899516139549266,0.48872470302165294,0.7614452685145626,0.20673142829271887
-0.337463570959151,0.49832827212008823,0.8387196991890258,0.19812296235166824
-0.8222383314870397,0.4069554756499325,0.3663376699586673,0.3790715381094424
0.760960371782881,0.5183761899015628,0.31178090205743936,0.3960722405971807
0.2082648067755319,0.882569040243731,0.40893469124861226,0.3651473411061229
-0.7176089868409962,-0.48462946416438285,-0.44114654196544145,0.6499810448133666
-0.049873234685289015,-0.5712619796645659,0.7289890016252909,0.2121621132589142
1.009938822859082,0.020062876395444903,0.020882562072096843,0.49342052400063674
0.8142187297963344,-0.42496704534809726,-0.1639657894805509,0.556233728472563
-0.5463741616141216,-0.8224171370687259,0.24151133285254162,0.42364030250741574
-0.6383372165494764,0.32492756191840466,-0.6835701083832559,0.7425642290913397
-0.576596806632895,-0.7262425800485369,-0.4181190826765906,0.634836125273133
0.1609691909503554,-0.9015548814562174,0.4412720092023179,0.35707514521875366
0.6182874284856643,0.5300643181302115,-0.5934151045440574,0.7004392542616497
-0.7641075913078078,0.5663399182880664,0.30891103890240423,0.40003687514999453
0.495045864014146,-0.7841152020572251,-0.3561164307764612,0.6167129783395608
-0.7334094968428035,0.6937851965130095,-0.008526088148426966,0.5026881535853654
-0.9756949637363302,-0.4643255503451582,-0.2581889081003749,0.5746581159447667
-0.8424963443567581,-0.4972807427656598,-0.02509995465389353,0.5081649177110131
0.31696696853580797,0.7577029578294989,0.5778649604818346,0.30483790815609707
-0.6202731228846442,0.8094992964673959,-0.18545188545795255,0.5572583653951853
-0.5468625282087347,0.7660338449315776,0.18223080870686653,0.4391238408891581
1.0140750005729386,0.22237086900208292,0.198030195663438,0.440003348904212
0.9365164343988963,0.19514275708720832,0.39684994904932336,0.3748295657792885
0.16400356105000863,-0.3509952091920824,0.9130456572439424,0.12773518475963908
-0.11588392822287011,0.8499919045417647,0.5596312877920319,0.316006297916776
-0.8701089728551825,-0.04183876518971408,-0.3129695857264455,0.6097894123428714
-0.18574384319226073,0.7471249892218479,-0.6769323264665033,0.7295813456211009
0.93728906234095,-0.4214134556300932,-0.20669947508611294,0.5631801529982741
-0.11525384120335894,0.963809598077466,0.266497091725008,0.41471019819439947
-0.6820246021039018,0.3341314908933101,-0.6990552241677156,0.73682163145321
0.7110980408527677,-0.7389275602822157,0.1843007414034698,0.4433988633277582
0.5188952245075735,-0.7762298528866766,0.26388924575141154,0.4123231125670118
0.3576619357549443,0.8889313582419164,-0.09368164459060994,0.5310224841018162
0.34148537930190315,-0.790489824358893,0.6627650767602944,0.291196557848422
-0.930303700972582,0.16130718087029738,-0.5730711032085842,0.6736420781815905
-0.8784032001614475,0.00791438600342266,-0.5581886188551438,0.6801844695494268
0.5536150163675376,0.6468718053425236,0.5705128168184971,0.3120853755522832
0.8793020912128,0.5132585376454334,0.13527319041598818,0.45795457408572326
-0.18144755954185393,-0.8223252288781988,0.4386140113012542,0.34715039831724515
-1.0459134184364824,0.013323739163456524,-0.010450628775618996,0.5031801465081646
-0.9045267795104576,0.3874553932323017,-0.2690551123836089,0.5849573816342769
-0.13768159848948652,-0.7410781437077607,0.7449049900392086,0.2518805894297791
0.09813638523719866,-0.6460542544970725,0.7165878954766777,0.23534483213893226
0.532699685338989,0.668611229923635,0.5170072926570783,0.3268636881922848
-0.7492892813518155,-0.646999581076513,-0.23412520492770827,0.5739211489781829
0.6764187153004082,0.7418901065518371,0.25655630262282614,0.42036232629314346
0.04572700111724854,-1.027703529602226,-0.08005163794067953,0.5247200136849665
-0.4758000691433665,-0.7069849844185075,-0.5124542540235012,0.6723352382607216
0.4413106387393131,-0.040651669301605936,0.7677911404948001,0.16663388976192667
0.7694999958752985,0.38829899084145747,-0.44432706023036356,0.6515082477764623
0.37267632883724766,0.13864511640158317,0.9355773535240859,0.12792235393204734
-0.2121190225972981,1.0478348829242414,0.09624015398990657,0.4714225597114693
